Miasto Wojewódzkie;Dzielnica
Białystok;Bacieczki;Białostoczek;Dojlidy;Faustowo;Jardies;Kawaleryjska;Pieczurki;Polanka;Robertino;Słoneczne Wzgórze;Starosielce;Stary Białystok;Szczęśliwice;Utrata;Ustronie;Zawady;Zwierzyniec
Bydgoszcz;Babia Góra;Bartodzieje;Biedrusko;Bielawy;Błonie;Brda;Czersk;Czyżkówko;Flisy;Fordon;Gajr;Gezewo;Górzyskowo;Jastrzębie;Kapuściska;Karpackie;Kawęczyno;Kenastowo;Koronowo;Łucznica;Mąkoszyno;Opławiec;Osielsko;Pałuki;Pawłówek;Piaskowa Góra;Pomorskie;Prądy;Pszczyce;Redykałowo;Różnowo;Skrzetuszewo;Smólsko;Szwederowo;Tarkowo Górne;Tatary;Wzgórza Bydgoskie;Wyżyny;Zielonka
Chełm;Bielica; Bojary;Cieńsza;Górki;Grenadierów;Jarzębiec;Krupice;Krzywe Koło;Przedmieście Lubelskie;Przedmieście Warszawskie;Sławin;Śródmieście;Ubocze;Zachód
Częstochowa;Błeszczyce;Borzechów;Czarna Wieś;Częstochowa Południowa-Zachodnia;Częstochowa Północna-Wschodnia;Gnaszyn-Kawodrza;Gzelinów;Helenka;Jasień;Kamienica;Kiedrzyn;Lisowice;Łukaszewice;Nadkole;Niewiadów;Olszynki;Przedmieście Częstochowskie Południowe;Przedmieście Częstochowskie Północne;Raków;Stradom;Stary Przedborze;Warta;Wygoda
Gdańsk;Aniołki;Brętowo;Chełm;Chmielno;Jasień;Jelitkowo;Kolibki;Kompas;Letnica;Lipce;Młynia;Orunia;Osowa;Piecki;Przejazd;Przymorze;Rudniki;Siedlce;Sobieszewo;Stara Orunia;Strzyża;Suchanino;Śródmieście;Ujeścisko;Wzgórze Pachnicze;Zaspa;Żabianka
Gorzów Wielkopolski;Askana;Gwiaździsta;Janowo;Kapuśniki;Karniewo;Kwiatowa;Kwiecińska;Ludwikowo;Małe Wysokie;Manhattan;Mila;Modelarnia;Niedoradz;Piaski;Płoty;Przyjaźń;Racel;Ruszaj;Sikorskiego;Słowiańska;Stary Gorzów;Słoneczne;Spichrzowa;Starzyce;Szczecinecki;Tatrzańska;Ustronie;Wieprzyce;Wilda;Wodociągowa;Wschodnia;Zawarcie;Zamoście
Katowice;Bogucice;Brynów;Burowiec;Giszowiec;Janów-Nikiszowiec;Katowice Śródmieście;Koszutka;Ligota;Murcki;Nikiszowiec;Ochojec;Piotrowice;Podlesie;Ptasznik;Rozwiercie;Szopienice;Zawodzie
Kielce;Baranów;Cedzyna;Chęciny;Czyżków;Czarnowo;Dyminów;Gałęzie;Herby;Karczówek;Kołomyja;Kostomłoty;Niewachlowice;Nowiny;Parcela Szpitalna;Podkarczówek;Pogórze;Polanka;Prokocim;Śródmieście;Szydłówek;Sycyna;Środula;Zabagnie;Zagnańska
Kraków;Bieżanów-Białoprądy;Bieżanów-Bieżanówka;Bronowice;Dębniki;Gręgrzegórek;Krowodrza;Łagiewniki-Borek;Nowa Huta;Fałęcki;Łobzów;Podgórze;Prądnik Biały;Prądnik Czerwony;Pstrowice;Salwator;Skalice;Sobieszew;Stare Miasto;Swoszowice;Wzgórza Krzemionki;Wzgórza Salwatorskie;Wzgórza Tynieckie;Podgórze Duchackie;Podgórze Bonarskie;
Lublin;Bronowice;Czwartek;Czechów;Felin;Głusk;Górce;Kozie Górki;LSM;Majdanek;Rury;Sławinek;Śródmieście;Tatary;Węglin;Wieniawa;Zaburze;Zemborzyce;
Łódź;Bałuty;Chojny;Górna;Janów-Nikiszowiec;Lubinek;Mania;Polesie;Śródmieście;Wiskitno;Włókniarska;Zdobywcza
Olsztyn;Apteczna;Bartoszyce;Brzezinki;Centrum;Dajtki;Gutkowo;Jarzębowo;Kortowo;Kosewko;Likusy;Mazurskie Przedmieście;Nagórki;Podgrodzie;Redykajny;Rodziny Ulmów;Rudziska;Stare Miasto;Szczyrki;Wadąg;Zatorz
Opole;Bronowice;Czarnowąsy;Gosławice;Grudna Górna;Grudna Dolna;Kępa;Malcze;Nowa Wieś;Nowe Miasto;Opolskie Przedmieście;Pasieka;Półwieś;Roszkowice;Sławice;Śródmieście;Wójtowa Wieś;Zaodrzańskie Przedmieście;Żeromin
Poznań;Antoninek;Bonin;Chwalewo;Dębiec;Franowo;Górczyn;Grunwald;Jeżyce;Junikowo;Komorniki;Krzyżowniki-Wschód;Krzyżowniki-Zachód;Lazarewo;Luboń;Marcelin;Minikowo;Naramowice;Nowe Miasto;Ogrody;Piątkowo;Rataje;Rusałka;Stare Miasto;Stary Grunwald;Szczepankowo;Świerczewo;Tatary;Winogrady;Wilda;Wola;Wzgórza Tysiąclecia;Zawady
Rzeszów;Bałuty; Biała; Cisowianka; Drabinianka; Garncarska; Generała Sikorskiego; Hetmańska; Jasionka; Miłocin; Nowa Wieś; Pobitno; Podkarpacie; Rejtana; Słocina; Śródmieście; Tasiemnica; Technika; Zawodzie; Zalesie
Szczecin;Aniołki;Centra;Chylonia;Dąbie;Gocław;Grabów;Gumieńce;Jeżyce;Kołłątaja;Krzywin;Łaszczynia;Niebuszewo;Nowe Miasto;Pomorzany;Prawobrzeże;Przecław;Puszewo;Siedlice;Skolwin;Śródmieście;Stare Miasto; Szczecinek;Świerczewo;Warszewo;Wzgórza Hetmańskie;Załęże;Żydowo
Toruń;Barbarka; Bielany; Chełmżyńska; Ciasne; Elana; Jakubskie Przedmieście; Katarzynka; Leśne; Mokre; Na Skarpie; Rubinkowo; Stare Miasto; Szumielino; Bielany; Chełmżyńska; Ciasne; Elana; Jakubskie Przedmieście; Katarzynka; Leśne; Mokre; Na Skarpie; Rubinkowo; Stare Miasto; Szumielino
Warszawa;Bemowo;Bielany;Białołęka;Bródno;Centrum;Czerniaków;Praga-Południe;Praga-Północ;Rembertów;Śródmieście;Targówek;Wawer;Wesoła;Wilanów;Wola; oliborz
Wrocław;Antoniów;Brochów;Dąbie;Fabryczna;Gajowice;Gądów Mały;Glinice Małe;Gniezdno;Grabiszyn-Małe;Grabiszyn-Wielki;Hajnowo;Huby;Karłowice;Kleczków;Kleczyna;Krzyki;Kuźniki;Maślice;Muchobór Mały;Muchobór Wielki;Nadodrze;Nowe Dwory;Psie Pole;Psie Pole-Dwór;Rakowiec;Sołtyniec;Stabłowice;Stary Dwór;Szczytnicki;Swojczyce;Tarnogaj;Wojkowice;Zakrzów;Żerniki
Zielona Góra;Chynów;Jeleniogórskie Przedmieście;Jeleniogórska;Lisie Pole;Nowe Miasto;Ochota;Osadniki;Stary Kisielin;Śródmieście;Tatrzańskie;Ustronie Dolne;Zastawie;Zawodzie